[
  {
    "x": 500,
    "y": 500,
    "size": 100,
    "max_zoom": 3,
    "rotation": 15,
    "text": {
      "text": "elarth.text.frost_lands",
      "color": "dark_gray"
    }
  },
  {
    "x": 1500,
    "y": 4200,
    "size": 50,
    "max_zoom": 3.5,
    "rotation": 35,
    "text": {
      "text": "elarth.text.grass_lands",
      "color": "gold"
    }  },
  {
    "x": 4500,
    "y": 7000,
    "size": 50,
    "max_zoom": 3.5,
    "rotation": -30,
    "text": {
      "text": "elarth.text.sand_lands",
      "color": "dark_red"
    }
  },
  {
    "x": 4850,
    "y": 2800,
    "size": 10,
    "min_zoom": 2.5,
    "max_zoom": 20,
    "text": "elarth.text.iced_lake"
  }
]
