{
   "type":"minecraft:overworld",
   "generator":{
      "type":"ctgen:map_based_chunk_generator",
      "settings":{
         "default_map_biome":{
            "biome":"minecraft:deep_ocean",
            "color":"#002355",
            "terrain_modifier":33.0
         },
         "map_id":"elarth:elarth",
         "noise_gen_settings":"ctgen:overworld",
         "zones":[
            {
               "biome":"minecraft:stony_shore",
               "color":"#828c82"
            },
            {
               "biome":"minecraft:snowy_slopes",
               "color":"#d9d9d9"
            },
            {
               "biome":"minecraft:jagged_peaks",
               "color":"#a8a8a8",
               "terrain_modifier":50.0
            },
            {
               "biome":"minecraft:frozen_ocean",
               "color":"#4e7ecc",
               "pixel_weight":3.0
            },
            {
               "biome":"minecraft:frozen_river",
               "color":"#5791f0",
               "pixel_weight":2.0
            },
            {
               "biome":"minecraft:plains",
               "color":"#395f39"
            },
            {
               "biome":"minecraft:forest",
               "color":"#2b462b",
               "terrain_modifier":10.0
            },
            {
               "biome":"minecraft:windswept_gravelly_hills",
               "color":"#979797",
               "terrain_modifier":18.0
            },
            {
               "biome":"minecraft:stony_peaks",
               "color":"#828282",
               "terrain_modifier":50.0
            },
            {
               "biome":"minecraft:lukewarm_ocean",
               "color":"#0053d9",
               "pixel_weight":3.0
            },
            {
               "biome":"minecraft:desert",
               "color":"#a5ab36"
            },
            {
               "biome":"minecraft:badlands",
               "color":"#545438",
               "terrain_modifier":12.0
            },
            {
               "biome":"minecraft:badlands",
               "color":"#464735",
               "terrain_modifier":24.0
            },
            {
               "biome":"minecraft:river",
               "color":"#0162ff",
               "pixel_weight":2.0,
               "terrain_modifier":0.5
            },
            {
               "biome":"minecraft:ocean",
               "color":"#002a67",
               "terrain_modifier":16.0
            },
            {
               "biome":"minecraft:deep_ocean",
               "color":"#002355",
               "terrain_modifier":33.0
            }
         ]
      }
   }
}
